name,surname,email,phone
Samantha,Butler,awilliams@gmail.com,672-216-5854
Sandra,Clark,michele79@gray.com,(538)790-0994x92266
Karl,Short,cfriedman@jones.net,+1-092-422-1609x257
Carolyn,Stein,kathrynturner@gmail.com,273.069.3782x6136
Lisa,Fletcher,charlesberry@chavez-rodriguez.net,632.397.2254x858
Teresa,Robles,logan55@adams.biz,001-888-973-6547x255
Jeremy,Green,amberallen@thornton.com,4990901728
James,Cooper,mleach@clayton.com,+1-990-866-7824x112
Linda,Reeves,brendamacdonald@yahoo.com,+1-557-611-6020x5418
Dawn,Hansen,kristinaandrade@gmail.com,001-541-667-1109x697
Sherry,Foster,jennifer56@yahoo.com,(634)181-9911x21955
Shelly,Mason,clarkjoseph@yahoo.com,001-403-083-8459
Johnny,Thompson,stevenpace@hotmail.com,(408)323-6471
Mitchell,Collins,thomas83@gmail.com,001-823-666-2491x294
Eric,Deleon,lisa54@gmail.com,6007058191
Matthew,Stephens,franklinkenneth@wilson-miller.org,255.393.0434x50992
Andrew,Brown,williamssherry@yahoo.com,432.486.8136
Jennifer,Williams,obaker@allison-peterson.com,262-915-3539
Michael,Barnes,tmorrison@cordova.com,327.481.9841x024
Herbert,Espinoza,xwebb@chase.org,789-766-9601
Mark,Patton,listephen@yahoo.com,001-780-167-0016
Tiffany,Wilson,susan40@jarvis.com,539-566-8658
Evelyn,Hall,evelyn.hall@example.com,(111)222-3333
David,Adams,david.adams@example.com,
Mary,Clark,david.adams@example.com,444-555-6666
Nathan,Young,,333-444-5555
Gina,Garcia,ginger42@brown.com,987-654-3210
Emily,Davis,emily.davis@example.com,(123)456-7890
George,Walker,george.walker@example.com,-1553
Alice,Roberts,alice.roberts@example.com,
Jasmine,Morris,jasmine.morris@example.com,555-123-4567
Peter,Mitchell,peter.mitchell@example.com,888-777-6666
Sophia,Lee,sophia.lee@example.com,123-456-7890
Gordon,Turner,duplicate@example.com,111-222-3333
Sandra,Brown,duplicate@example.com,444-555-6666
Chad,Hernandez,chad.hernandez@example.com,333-222-4444
Rachel,King,,555-888-9999
Julia,Carter,julia.carter@example.com,123-456-7890
Tyler,Perez,tyler.perez@example.com,(987)654-3210
Nora,Thompson,nora.thompson@example.com,555-444-3333
Gregory,Jackson,greg.jackson@example.com,888-123-4567
Ella,White,ella.white@example.com,999-888-7777
Henry,Hall,duplicate@example.com,123-456-7890
Sandra,Brown,duplicate@example.com,555-555-5555
Victoria,Wright,victoria.wright@example.com,444-333-2222
Danielle,Scott,,222-111-0000
Elijah,Stewart,elijah.stewart@example.com,666-777-8888
Abigail,Morris,abigail.morris@example.com,111-000-9999
Vincent,Cook,vincent.cook@example.com,
Mason,Nguyen,mason.nguyen@example.com,123-111-2222
Lily,Peterson,lily.peterson@example.com,(321)654-0987
Quinn,Green,quinn.green@example.com,222-333-4444
Logan,Ramirez,logan.ramirez@example.com,333-444-5555
Hannah,Reed,hannah.reed@example.com,(111)222-3333
Xander,Price,xander.price@example.com,666-555-4444
Isabella,Cooper,isabella.cooper@example.com,555-666-7777
Mia,Howard,,999-888-7777
Julia,Adams,julia.adams@example.com,888-777-6666
Luke,Garcia,luke.garcia@example.com,000-111-2222
Zoe,Martinez,zoe.martinez@example.com,(222)333-4444
Megan,Lee,megan.lee@example.com,111-000-2222
Isaac,Jackson,isaac.jackson@example.com,
Bella,Allen,bella.allen@example.com,555-666-7777
Troy,Hughes,troy.hughes@example.com,999-888-7777
Grace,Lopez,grace.lopez@example.com,(321)987-6543
Chloe,Scott,chloe.scott@example.com,222-111-0000
Ashton,Wilson,ashton.wilson@example.com,000-222-4444
Sofia,Miller,sofia.miller@example.com,555-888-9999
Kylie,Garcia,kylie.garcia@example.com,(654)321-0987
Jaxon,Roberts,jaxon.roberts@example.com,333-444-5555
Riley,Carter,riley.carter@example.com,444-333-2222
Leah,Phillips,leah.phillips@example.com,666-777-8888